-- ADD LOCATIONS --,,,,,,,,,,,,,,
,,,,,,,,,,,,,,
addLocation,Greece,Marina,,,,,,,,,,,,
addLocation,United States,Salinas,,,,,,,,,,,,
addLocation,China,Lanling,,,,,,,,,,,,
addLocation,France,Arcueil,,,,,,,,,,,,
addLocation,Russia,Korsakovo,,,,,,,,,,,,
addLocation,Russia,Tatarka,,,,,,,,,,,,
addLocation,Ghana,Hohoe,,,,,,,,,,,,
addLocation,Micronesia,Ettal,,,,,,,,,,,,
addLocation,Ukraine,Mukacheve,,,,,,,,,,,,
addLocation,Pakistan,Rajo Khanani,,,,,,,,,,,,
addLocation,Pakistan,Dera Murad Jamali,,,,,,,,,,,,
addLocation,Canada,Carman,,,,,,,,,,,,
addLocation,France,Angouleme,,,,,,,,,,,,
addLocation,Philippines,Victoria,,,,,,,,,,,,
addLocation,Colombia,Galan,,,,,,,,,,,,
addLocation,China,Shengli,,,,,,,,,,,,
addLocation,Indonesia,Kalabahi,,,,,,,,,,,,
addLocation,Argentina,Piquillin,,,,,,,,,,,,
addLocation,Colombia,Palestina,,,,,,,,,,,,
addLocation,Indonesia,Banaran,,,,,,,,,,,,
addLocation,Russia,Shumyachi,,,,,,,,,,,,
addLocation,Venezuela,Santa Maria de Ipire,,,,,,,,,,,,
addLocation,China,Hushan,,,,,,,,,,,,
addLocation,France,Cahors,,,,,,,,,,,,
addLocation,Palestinian Territory,Bayt Ummar,,,,,,,,,,,,
addLocation,United States,Gary,,,,,,,,,,,,
addLocation,China,Xianzong,,,,,,,,,,,,
addLocation,Panama,La Mesa,,,,,,,,,,,,
addLocation,Thailand,Phetchabun,,,,,,,,,,,,
addLocation,Nigeria,Ila Orangun,,,,,,,,,,,,
addLocation,Mongolia,Baruunsuu,,,,,,,,,,,,
addLocation,Russia,Rognedino,,,,,,,,,,,,
addLocation,Botswana,Botlhapatlou,,,,,,,,,,,,
addLocation,South Africa,Lady Frere,,,,,,,,,,,,
addLocation,Poland,Oksa,,,,,,,,,,,,
addLocation,Mali,Ke-Macina,,,,,,,,,,,,
addLocation,Russia,Slobodskoy,,,,,,,,,,,,
addLocation,Uganda,Kalangala,,,,,,,,,,,,
addLocation,Indonesia,Purwodadi,,,,,,,,,,,,
addLocation,Philippines,Cumadcad,,,,,,,,,,,,
addLocation,Greece,Antiparos,,,,,,,,,,,,
addLocation,Namibia,Maltahohe,,,,,,,,,,,,
addLocation,Malta,Kercem,,,,,,,,,,,,
addLocation,China,Duyanggang,,,,,,,,,,,,
addLocation,Philippines,San Ramon,,,,,,,,,,,,
addLocation,Mexico,Lazaro Cardenas,,,,,,,,,,,,
addLocation,Russia,Blagoveshchenka,,,,,,,,,,,,
addLocation,Mexico,La Esperanza,,,,,,,,,,,,
addLocation,Peru,Checacupe,,,,,,,,,,,,
addLocation,Russia,Gvardeysk,,,,,,,,,,,,
addLocation,Indonesia,Cihampelas,,,,,,,,,,,,
addLocation,United States,San Bernardino,,,,,,,,,,,,
addLocation,Philippines,Kapatagan,,,,,,,,,,,,
addLocation,Brazil,Petropolis,,,,,,,,,,,,
addLocation,Kuwait,Al Ahmadi,,,,,,,,,,,,
addLocation,Russia,Ust’-Ilimsk,,,,,,,,,,,,
addLocation,Haiti,Port-au-Prince,,,,,,,,,,,,
addLocation,Guinea,Coyah,,,,,,,,,,,,
addLocation,Thailand,Na Thawi,,,,,,,,,,,,
addLocation,Brazil,Vespasiano,,,,,,,,,,,,
addLocation,Slovenia,Mezica,,,,,,,,,,,,
addLocation,United States,Naples,,,,,,,,,,,,
addLocation,Russia,Ust’-Kalmanka,,,,,,,,,,,,
addLocation,Czech Republic,Jablonne nad Orlici,,,,,,,,,,,,
addLocation,Colombia,El Carmen,,,,,,,,,,,,
addLocation,Indonesia,Munjungan,,,,,,,,,,,,
addLocation,Thailand,Amphawa,,,,,,,,,,,,
addLocation,Indonesia,Banjar Yehsatang,,,,,,,,,,,,
addLocation,Colombia,Giraldo,,,,,,,,,,,,
addLocation,Albania,Zall-Dardhe,,,,,,,,,,,,
addLocation,Argentina,Villa Santa Rita,,,,,,,,,,,,
addLocation,Indonesia,Somba,,,,,,,,,,,,
addLocation,Bolivia,Mizque,,,,,,,,,,,,
addLocation,China,Wugong,,,,,,,,,,,,
addLocation,Iran,Qohord-e Bala,,,,,,,,,,,,
addLocation,China,Chunjiang,,,,,,,,,,,,
addLocation,China,Shengli,,,,,,,,,,,,
addLocation,Malaysia,Kota Kinabalu,,,,,,,,,,,,
addLocation,Japan,Yonezawa,,,,,,,,,,,,
addLocation,China,Xinjiebu,,,,,,,,,,,,
addLocation,Bulgaria,Burgas,,,,,,,,,,,,
,,,,,,,,,,,,,,
-- ADD CUSTOMERS --,,,,,,,,,,,,,,
,,,,,,,,,,,,,,
addCustomer,1669,12345678,Retha,Backwell,30/08/1972,rbackwell0@slideshare.net,Malaysia,Melaka,Waxwing Lane,2928,054-5773662,haifa,,
addCustomer,1512447,12345678,Mead,Bossons,13/03/1987,mbossonse@ustream.tv,China,Dashi,Merry Point,2071,054-5773662,haifa,,
addCustomer,1513195,12345678,Ibbie,Penas,17/03/1972,ipenasr@purevolume.com,China,Peicheng,Spohn Park,463,052-8222777,haifa,,
addCustomer,1513286,12345678,Enos,Stanmore,08/10/1980,estanmorey@cam.ac.uk,Indonesia,Gedongmulyo,Orin Lane,85,052-8112111,haifa,,
addCustomer,1513470,12345678,Huey,Lumbers,29/04/1981,hlumbers1e@sina.com.cn,Malaysia,Klang,Petterle Alley,51, 052-8243444,haifa,,
addCustomer,1514215,12345678,Drew,Titman,29/09/1972,dtitman1o@oakley.com,Serbia,Kuršumlija,Mcguire Pass,103,052-8999333,haifa,,
addCustomer,1514221,12345678,Garnet,Carson,05/12/1991,gcarson1u@tamu.edu,Iraq,Koysinceq,Troy Lane,670,052-8666666,haifa,,
addCustomer,1514308,12345678,Evania,Pechell,10/11/1988,epechell1x@goo.ne.jp,Russia,Pokrovskoye,Fairview Center,532,053-6676675,haifa,,
addCustomer,1514314,12345678,Joela,Weddeburn - Scrimgeour,25/02/1989,jweddeburnscrimgeour23@ameblo.jp,Russia,Dzhalka,Clyde Gallagher Place,7121,053-6565656,haifa,,
addCustomer,1514402,12345678,Michelina,Boynton,22/05/1967,mboynton27@google.pl,China,Huhe,Hoard Hill,230,052-8776111,haifa,,
addCustomer,1515174,12345678,Fritz,Glascott,21/01/1964,fglascott2n@blog.com,Japan,Akita,Westend Circle,41766,052-8909011,haifa,,
addCustomer,49744981,12345678,Sterne,Colchett,09/09/1994,scolchett33@drupal.org,Colombia,Tumaco,Lyons Park,59010,052-8880880,haifa,,
addCustomer,49745074,12345678,Flora,Currin,26/01/1990,fcurrin3c@fotki.com,Philippines,Anambongan,Oak Valley Place,59273,052-8212333,haifa,,
addCustomer,49745075,12345678,Flemming,Broderick,05/11/1994,fbroderick3d@ebay.com,China,Matang,Commercial Lane,78,052-8000911,haifa,,
addCustomer,49745102,12345678,Pincus,Balchen,27/07/1974,pbalchen3j@berkeley.edu,China,Nancheng,Anthes Hill,766,052-8616161,haifa,,
addCustomer,49745936,12345678,Roz,Pipkin,14/12/1967,rpipkin3y@photobucket.com,Trinidad and Tobago,Petit Valley,Green Ridge Street,21981,052-8070707,haifa,,
addCustomer,49745940,12345678,Trip,Dyter,01/12/1986,tdyter42@nbcnews.com,China,Chenghuang,Manitowish Street,53303,052-8070707,haifa,,
addCustomer,49746773,12345678,Kermie,McDonnell,22/06/1991,kmcdonnell4g@seattletimes.com,China,Gyangkar,Farmco Court,5,052-8020202,haifa,,
addCustomer,49746870,12345678,Prescott,Navarijo,29/08/1963,pnavarijo4t@alibaba.com,Vietnam,Cam Ranh,Rutledge Trail,7645,052-8020202,haifa,,
addCustomer,49746895,12345678,Waiter,Fillan,09/01/1993,wfillan4x@theatlantic.com,Argentina,Ciervo Petiso,5th Hill,2,054-5773662,haifa,,
addCustomer,49747707,12345678,Allie,Heberden,22/01/1985,aheberden5b@unesco.org,Norway,Oslo,Grim Road,2402,054-5773662,haifa,,
addCustomer,49773931,12345678,Kienan,McReedy,28/12/1986,kmcreedy5r@europa.eu,Portugal,Real,Northland Pass,5,052-8222777,haifa,,
addCustomer,49774672,12345678,Audrey,Pool,29/08/1966,apool5x@nydailynews.com,China,Dagushan,Sauthoff Place,9575,052-8112111,haifa,,
addCustomer,49774767,12345678,Jonah,Mannakee,11/08/1981,jmannakee68@tmall.com,Indonesia,Rokoy,Cordelia Drive,6106, 052-8243444,haifa,,
addCustomer,49775605,12345678,Kerrill,Dufer,24/03/1973,kdufer6r@usnews.com,United States,Petaluma,Jenna Plaza,6,052-8999333,haifa,,
addCustomer,49775789,12345678,Terri-jo,Moylan,11/02/1962,tmoylan77@guardian.co.uk,China,Liuji,Hollow Ridge Place,7,052-8666666,haifa,,
addCustomer,49776536,12345678,Godard,Romao,22/03/1972,gromao7j@bizjournals.com,Vietnam,Thị Trấn Tủa Chùa,Emmet Alley,31,053-6676675,haifa,,
addCustomer,49776657,12345678,Garreth,Gay,24/09/1982,ggay7z@amazonaws.com,China,Ning’an,Carpenter Parkway,24,053-6565656,haifa,,
addCustomer,50429181,12345678,Karlotte,Tomlett,25/08/1985,ktomlett8b@sciencedirect.com,Russia,Sim,Judy Lane,14,052-8776111,haifa,,
addCustomer,50429301,12345678,Bekki,Dorber,08/07/1965,bdorber8q@deviantart.com,China,Wuxi,Melrose Terrace,4862,052-8909011,haifa,,
addCustomer,50430046,12345678,Robers,Edmund,18/06/1988,redmund90@sakura.ne.jp,China,Shifang,Doe Crossing Plaza,347,052-8880880,haifa,,
addCustomer,50430138,12345678,Reinhold,Marciskewski,22/11/1972,rmarciskewski98@webs.com,Indonesia,Nahura,Dakota Road,5355,052-8212333,haifa,,
addCustomer,50430144,12345678,Sheri,Danhel,18/01/1975,sdanhel9e@spotify.com,Thailand,Chon Buri,Vahlen Plaza,1677,052-8000911,haifa,,
addCustomer,50430231,12345678,Morrie,Painter,24/05/1976,mpainter9h@yahoo.co.jp,Philippines,Zamboanguita,Holy Cross Court,43,052-8616161,haifa,,
addCustomer,50430974,12345678,Errol,Bagnall,23/04/1993,ebagnall9p@yolasite.com,Brazil,Itatiba,Bultman Hill,833,052-8070707,haifa,,
addCustomer,50431069,12345678,Dionis,Twitchings,25/06/1977,dtwitchingsa0@chron.com,Mexico,San Rafael,Longview Alley,11,052-8070707,haifa,,
addCustomer,50431073,12345678,Marietta,Bithell,02/07/1980,mbithella4@timesonline.co.uk,Colombia,Soledad,Vernon Place,6,052-8020202,haifa,,
addCustomer,50431258,12345678,Elfrida,Joust,21/05/1979,ejoustal@microsoft.com,Portugal,Vale Maceiras,Monica Lane,2,052-8020202,haifa,,
addCustomer,50458849,12345678,Claus,Jaffray,09/03/1984,cjaffrayb3@cpanel.net,Argentina,Zapala,Grover Court,8, 052-8020302,haifa,,
addCustomer,50458966,12345678,Harley,Dressell,15/07/1991,hdressellbf@istockphoto.com,Argentina,Nueve de Julio,Westport Lane,7198,052-8020202,haifa,,
addCustomer,50458973,12345678,Ricky,Turle,10/08/1966,rturlebm@delicious.com,China,Meilin,High Crossing Park,750,054-5773662,haifa,,
addCustomer,50459062,12345678,Edyth,Daoust,20/12/1976,edaoustbr@youtu.be,Colombia,Sonsón,Heath Park,259,054-5773662,haifa,,
addCustomer,50459811,12345678,Nerita,Comusso,26/02/1972,ncomussoc5@friendfeed.com,Sweden,Eskilstuna,Warbler Terrace,53625,052-8222777,haifa,,
addCustomer,50459902,12345678,Jordon,Kincade,20/11/1960,jkincadecc@msu.edu,Haiti,Kenscoff,Barby Court,9,052-8112111,haifa,,
addCustomer,50460019,12345678,Torr,Knok,30/10/1964,tknokco@hhs.gov,France,Millau,Rutledge Avenue,42, 052-8243444,haifa,,
addCustomer,50460090,12345678,Stefano,Meininger,10/04/1985,smeiningercw@sfgate.com,Philippines,Murcia,Summerview Hill,30249,052-8999333,haifa,,
addCustomer,50460856,12345678,Rogers,Mackneis,25/11/1988,rmackneisd6@salon.com,Russia,Sedkyrkeshch,Atwood Road,21043,052-8666666,haifa,,
addCustomer,50460951,12345678,Lena,Simionescu,23/12/1964,lsimionescudh@angelfire.com,Sweden,Värmdö,Stang Terrace,12150,053-6676675,haifa,,
addCustomer,50487891,12345678,Oby,Kitto,27/04/1995,okittodz@umich.edu,Philippines,Santa Ana,Norway Maple Point,9,053-6565656,haifa,,
addCustomer,50488727,12345678,Gert,Crunkhorn,04/06/1986,gcrunkhorneg@163.com,Serbia,Kikinda,Westridge Street,23,052-8776111,haifa,,
addCustomer,50488730,12345678,Merridie,Brockman,11/12/1982,mbrockmanej@chron.com,Russia,Berendeyevo,Jenifer Lane,198,052-8909011,haifa,,
addCustomer,50488733,12345678,Shepherd,Rookesby,08/06/1986,srookesbyem@mlb.com,France,Paris 15,Coleman Road,4105,052-8880880,haifa,,
addCustomer,50488826,12345678,Kelci,Gouinlock,15/03/1995,kgouinlockev@ibm.com,Benin,Bétérou,Dennis Lane,60,052-8212333,haifa,,
addCustomer,50489594,12345678,Gianina,Swaden,03/06/1995,gswadenf7@rakuten.co.jp,Ivory Coast,Agboville,Lindbergh Pass,6831,052-8000911,haifa,,
addCustomer,50489688,12345678,Gabe,Hebborne,16/04/1962,ghebbornefh@unblog.fr,Philippines,San Bernardo,Stoughton Way,6782,052-8616161,haifa,,
addCustomer,50489755,12345678,Hope,Trussman,20/03/1987,htrussmanfl@mtv.com,Poland,Łęknica,Sutteridge Street,79950,052-8070707,haifa,,
addCustomer,50490593,12345678,Annabell,Caygill,24/04/1976,acaygillg4@hao123.com,Greece,Pánormos,Welch Point,35,052-8070707,haifa,,
addCustomer,50490686,12345678,Colline,Heinel,09/05/1979,cheinelgd@nymag.com,Argentina,Capayán,Ilene Lane,4,052-8020202,haifa,,
addCustomer,50490715,12345678,Bliss,Boanas,07/06/1991,bboanasgl@tripadvisor.com,Afghanistan,Kai,Warner Hill,6946,052-8020202,haifa,,
addCustomer,50517655,12345678,Carmine,Leaburn,23/04/1969,cleaburnh3@reuters.com,Ecuador,Puyo,Crest Line Street,7950, 052-8020302,haifa,,
addCustomer,50517656,12345678,Latrina,Denerley,17/12/1963,ldenerleyh4@so-net.ne.jp,France,Évry,Thierer Center,39,054-5773662,haifa,,
addCustomer,50517748,12345678,Sayre,Daviot,12/06/1992,sdaviothc@ucoz.com,Finland,Nastola,Colorado Alley,662,054-5773662,haifa,,
addCustomer,50518584,12345678,Skippy,Speak,05/10/1979,sspeakht@europa.eu,Philippines,Cortez,Waxwing Center,5525,052-8222777,haifa,,
addCustomer,50518702,12345678,Aloise,Airs,03/04/1990,aairsi6@zimbio.com,Indonesia,Tumu,Forster Place,789,052-8112111,haifa,,
addCustomer,50519517,12345678,Bertie,Rawlison,22/06/1980,brawlisonin@mapy.cz,Canada,Saint-Jérôme,2nd Lane,5, 052-8243444,haifa,,
addCustomer,50519540,12345678,Camey,Waplinton,14/01/1969,cwaplintonip@theguardian.com,Sweden,Borås,Atwood Park,29,052-8999333,haifa,,
addCustomer,50519633,12345678,Olivia,Moffett,13/11/1975,omoffettiy@rakuten.co.jp,United States,Seattle,Fairview Street,9610,052-8666666,haifa,,
addCustomer,50519639,12345678,Hally,Montel,28/05/1986,hmontelj4@constantcontact.com,China,Hengli,Vermont Avenue,99,053-6676675,haifa,,
addCustomer,50546573,12345678,Riobard,Eddisforth,10/06/1983,reddisforthjg@sciencedirect.com,Portugal,A-da-Gorda,Dottie Drive,39288,053-6565656,haifa,,
addCustomer,50547322,12345678,Darsey,Elsom,29/08/1964,delsomju@mtv.com,Malawi,Mzimba,Coolidge Street,57,052-8776111,haifa,,
addCustomer,50547322,12345678,Darsey,Elsom,29/08/1964,delsomju@mtv.com,Malawi,Mzimba,Coolidge Street,57,052-8909011,haifa,,
addCustomer,50547323,12345678,Rene,Whelband,22/04/1981,rwhelbandjv@wsj.com,China,Baise City,Carey Court,3973,052-8880880,haifa,,
addCustomer,50547506,12345678,Nonnah,Andrag,27/04/1984,nandragka@netvibes.com,China,Lianpeng,Waxwing Avenue,9610,052-8212333,haifa,,
addCustomer,50547534,12345678,Carey,Wason,16/11/1975,cwasonkh@alexa.com,China,Henan’an,Milwaukee Terrace,42,052-8000911,haifa,,
addCustomer,50548344,12345678,Colline,McMonies,10/01/1985,cmcmonieskt@princeton.edu,France,Paris La Défense,Melody Road,994,052-8616161,haifa,,
addCustomer,50548346,12345678,Melva,Schollick,10/11/1962,mschollickkv@dyndns.org,Slovenia,Mokronog,Buhler Avenue,45666,052-8070707,haifa,,
addCustomer,50548346,12345678,Melva,Schollick,10/11/1962,mschollickkv@dyndns.org,Slovenia,Mokronog,Buhler Avenue,45666,052-8070707,haifa,,
addCustomer,50548370,12345678,Norrie,Ferenczi,31/01/1963,nferencziky@booking.com,France,Blaye,Corscot Alley,353,052-8020202,haifa,,
addCustomer,50549207,12345678,Rikki,Baptista,23/08/1961,rbaptistalg@uiuc.edu,France,Évreux,Evergreen Circle,54,054-5773662,haifa,,
addCustomer,50549208,12345678,Weber,Longfoot,26/08/1980,wlongfootlh@google.it,China,Yidu,Columbus Center,1,054-5773662,haifa,,
addCustomer,50549395,12345678,Freddi,Piddick,06/06/1976,fpiddickm0@pbs.org,China,Changdai,Hermina Drive,859,052-8222777,haifa,,
addCustomer,50576242,12345678,Frederigo,Harbard,21/08/1988,fharbardm9@bluehost.com,China,Lushan,Carpenter Way,579,052-8112111,haifa,,
addCustomer,50576335,12345678,Perl,Wraighte,08/12/1965,pwraightemi@weather.com,Philippines,Burgos,Hollow Ridge Court,66330, 052-8243444,haifa,,
addCustomer,50576335,12345678,Perl,Wraighte,08/12/1965,pwraightemi@weather.com,Philippines,Burgos,Hollow Ridge Court,66330,052-8999333,haifa,,
addCustomer,50577080,12345678,Deeanne,Toffolo,28/03/1966,dtoffoloms@spotify.com,Comoros,Ouani,Butterfield Road,6436,052-8666666,haifa,,
addCustomer,50577177,12345678,Chrotoem,Cornfoot,22/11/1989,ccornfootn5@bloomberg.com,Portugal,Jardoeira,Bunting Court,4172,053-6676675,haifa,,
addCustomer,50577267,12345678,Hollis,Hubery,04/02/1993,hhuberynb@soup.io,Russia,Satka,Rusk Terrace,24534,053-6565656,haifa,,
addCustomer,50577267,12345678,Hollis,Hubery,04/02/1993,hhuberynb@soup.io,Russia,Satka,Rusk Terrace,24534,052-8776111,haifa,,
addCustomer,50577270,12345678,Orelee,Skirven,20/03/1979,oskirvenne@scribd.com,Poland,Żelazków,Commercial Center,47924,052-8909011,haifa,,
addCustomer,50577270,12345678,Orelee,Skirven,20/03/1979,oskirvenne@scribd.com,Poland,Żelazków,Commercial Center,47924,052-8880880,haifa,,
addCustomer,50577292,12345678,Teirtza,Toma,18/07/1966,ttomanf@angelfire.com,Brazil,Ituberá,Raven Court,65,052-8212333,haifa,,
addCustomer,50578038,12345678,Eugine,Skates,03/04/1982,eskatesnq@delicious.com,Brazil,Timbaúba,Hollow Ridge Way,80,052-8000911,haifa,,
addCustomer,50578038,12345678,Eugine,Skates,03/04/1982,eskatesnq@delicious.com,Brazil,Timbaúba,Hollow Ridge Way,80,052-8616161,haifa,,
addCustomer,50578200,12345678,Tirrell,Leyninye,24/05/1978,tleyninyeo5@lycos.com,Indonesia,Mojogajeh,Killdeer Terrace,54525,052-8070707,haifa,,
addCustomer,50578970,12345678,Doria,Soles,20/02/1987,dsolesoj@admin.ch,Philippines,Caronoan West,Esch Center,60,052-8070707,haifa,,
addCustomer,50579066,12345678,Raimundo,Brodeau,04/08/1993,rbrodeauov@tamu.edu,China,Erhaodi,Grayhawk Pass,52447,052-8020202,haifa,,
addCustomer,50605909,12345678,Jolynn,Stainburn,18/03/1969,jstainburnp0@twitpic.com,Philippines,Gubat,Parkside Crossing,442,052-8212333,haifa,,
addCustomer,50605912,12345678,Ashli,Todari,06/07/1992,atodarip3@sogou.com,Indonesia,Sumberagung,Derek Trail,94,052-8000911,haifa,,
addCustomer,50605913,12345678,Timothea,Croft,07/03/1995,tcroftp4@cam.ac.uk,United States,Evansville,Kropf Terrace,4386,052-8616161,haifa,,
addCustomer,50606003,12345678,Lib,O'Cooney,11/07/1989,locooneypa@theatlantic.com,Indonesia,Kotaagung,Debs Hill,11,052-8070707,haifa,,
addCustomer,50606098,12345678,Alastair,Stare,13/07/1985,astarepl@goodreads.com,Philippines,San Bernardo,Nova Road,2968,052-8070707,haifa,,
addCustomer,50606869,12345678,Syd,Trime,10/11/1965,strimeq0@about.me,Bangladesh,Jhingergācha,Upham Avenue,586,052-8020202,haifa,,
addCustomer,50606961,12345678,Skipper,Monshall,05/09/1964,smonshallq8@vimeo.com,Indonesia,Putrajawa,Marcy Trail,4,052-8212333,haifa,,
addCustomer,50607052,12345678,Emlen,Roddick,06/07/1963,eroddickqf@google.it,Nigeria,Itu,Nelson Crossing,528,052-8000911,haifa,,
addCustomer,50607052,12345678,Emlen,Roddick,06/07/1963,eroddickqf@google.it,Nigeria,Itu,Nelson Crossing,528,052-8616161,haifa,,
addCustomer,50607123,12345678,Jacenta,Durber,29/08/1990,jdurberqn@shop-pro.jp,China,Shanggu,Rutledge Trail,2,052-8070707,haifa,,
addCustomer,50607893,12345678,Shawn,Huggins,05/12/1979,shugginsr1@hhs.gov,Czech Republic,Louny,Dwight Avenue,1778,052-8070707,haifa,,
addCustomer,50607983,12345678,Katherina,Castleton,08/03/1992,kcastletonr7@twitter.com,Chile,Bulnes,Morningstar Way,36566,052-8020202,haifa,,
addCustomer,50607987,12345678,Osmond,Boswood,31/01/1962,oboswoodrb@sogou.com,Croatia,Marčelji,Oakridge Parkway,7659,052-8020307,haifa,,
addCustomer,50608081,12345678,Connie,Kleuer,16/09/1976,ckleuerrl@surveymonkey.com,Poland,Uniejów,Northview Place,7,052-8020309,haifa,,
,,,,,,,,,,,,,,
-- ADD GUIDES --,,,,,,,,,,,,,,
,,,,,,,,,,,,,,
addGuide,49,12345678,Corey,Woolgar,05/10/1967,cwoolgar0@redcross.org,Poland,Niedźwiedź,Everett Court,45,052-8070707,05/04/2003,greece_marina|france_angouleme|panama_la mesa|china_duyanggang|slovenia_mezica|united states_naples|china_xinjiebu,haifa
addGuide,1572,12345678,Ricki,Kobsch,22/12/1974,rkobsche@cbslocal.com,South Korea,Kang-neung,North Street,4,052-8020202,10/06/2004,greece_marina|pakistan_rajo khanani|venezuela_santa maria de ipire|nigeria_ila orangun|russia_blagoveshchenka|indonesia_cihampelas|kuwait_al ahmadi|argentina_villa santa rita|china_xinjiebu,haifa
addGuide,1599,12345678,Upton,Waterworth,28/06/1983,uwaterworthk@seattletimes.com,China,Jiulongshan,Larry Center,70321,054-5773662,1/19/1991,greece_marina|united states_salinas|ukraine_mukacheve|panama_la mesa|poland_oksa|mali_ke-macina|united states_san bernardino|indonesia_banjar yehsatang|china_chunjiang|malaysia_kota kinabalu,haifa
addGuide,1629,12345678,Francene,Merwede,17/08/1977,fmerwedet@123-reg.co.uk,China,Yangzhong,Gulseth Trail,211,054-5773662,04/03/1998,greece_marina|pakistan_dera murad jamali|philippines_victoria|russia_shumyachi|poland_oksa|philippines_cumadcad|mexico_lazaro cardenas|slovenia_mezica|china_chunjiang,haifa
addGuide,1664,12345678,Erina,Goman,03/06/1970,egoman17@eventbrite.com,Czech Republic,Krásná Lípa,Ramsey Alley,5605,052-8222777,7/17/2005,greece_marina|argentina_piquillin|nigeria_ila orangun|russia_slobodskoy|russia_blagoveshchenka|brazil_petropolis|czech republic_jablonne nad orlici|china_xinjiebu,haifa
addGuide,1699,12345678,Sloane,Gorini,23/04/1968,sgorini1l@admin.ch,Ukraine,Stavyshche,Thierer Avenue,117,052-8112111,1/21/1995,greece_marina|argentina_piquillin|russia_slobodskoy|united states_san bernardino|indonesia_somba|china_wugong,haifa
addGuide,1758,12345678,Idalina,Mcwhinney,02/01/1982,imcwhinney22@netscape.com,Angola,Luena,Evergreen Hill,99, 052-8243444,01/03/1998,greece_marina|argentina_piquillin|china_xianzong|china_duyanggang|thailand_na thawi|china_wugong,haifa
addGuide,1760,12345678,Cody,Raspin,08/07/1995,craspin24@washington.edu,China,Dalai,Mcbride Junction,22,052-8999333,10/24/2006,greece_marina|russia_tatarka|france_angouleme|china_xianzong|thailand_phetchabun|namibia_maltahohe|guinea_coyah|japan_yonezawa|israel_PetahTikva,haifa
addGuide,1818,12345678,Moina,Reeders,03/05/1983,mreeders2k@samsung.com,China,Kunyang,Del Mar Road,324,052-8666666,7/16/1997,greece_marina|indonesia_banaran|indonesia_purwodadi|philippines_kapatagan|russia_ust’-kalmanka,haifa
addGuide,1823,12345678,Trey,Claybourne,13/11/1962,tclaybourne2p@whitehouse.gov,Indonesia,Tuanalepe,Bluestem Drive,29,053-6676675,03/10/1997,greece_marina|indonesia_kalabahi|colombia_palestina|mali_ke-macina|philippines_cumadcad|guinea_coyah|thailand_na thawi|china_chunjiang,haifa
addGuide,48663,12345678,Ted,Harverson,24/06/1986,tharverson38@freewebs.com,Peru,Huacachi,Sage Street,85257,053-6565656,7/24/1998,greece_marina|colombia_palestina|panama_la mesa|poland_oksa|china_duyanggang|russia_blagoveshchenka|united states_naples|indonesia_munjungan|indonesia_somba|bolivia_mizque,haifa
addGuide,48687,12345678,Rea,Loughan,07/11/1986,rloughan3b@ameblo.jp,China,Zhifudao,Sommers Road,107,052-8776111,11/14/2003,greece_marina|russia_shumyachi|indonesia_purwodadi|namibia_maltahohe|indonesia_cihampelas|czech republic_jablonne nad orlici|japan_yonezawa,haifa
addGuide,48696,12345678,Robena,Ballister,23/01/1990,rballister3k@ask.com,Madagascar,Andoany,Amoth Park,83921,052-8909011,11/29/1992,greece_marina|china_shengli|palestinian territory_bayt ummar|nigeria_ila orangun|philippines_cumadcad|peru_checacupe|philippines_kapatagan|russia_ust’-kalmanka|argentina_villa santa rita|china_wugong,haifa
addGuide,48718,12345678,Ronnie,Adhams,23/01/1971,radhams3l@cbc.ca,China,Xekar,East Crossing,5,052-8880880,06/02/2002,greece_marina|russia_shumyachi|south africa_lady frere|philippines_cumadcad|mexico_la esperanza|kuwait_al ahmadi|albania_zall-dardhe|bolivia_mizque|japan_yonezawa,haifa
addGuide,48753,12345678,Preston,Franzettoini,20/11/1975,pfranzettoini3z@irs.gov,Sweden,Göteborg,Farmco Court,17560,052-8212333,08/11/1999,greece_marina|colombia_palestina|russia_slobodskoy|mexico_la esperanza|haiti_port-au-prince|china_wugong,haifa
addGuide,48789,12345678,Blair,Huygens,23/05/1961,bhuygens4e@ucoz.com,Indonesia,Lewodoli,Warrior Parkway,34,052-8000911,9/27/2000,greece_marina|colombia_galan|indonesia_banaran|botswana_botlhapatlou|philippines_cumadcad|mexico_la esperanza|thailand_na thawi|brazil_vespasiano|bulgaria_burgas,haifa
addGuide,48813,12345678,Celestyna,Marlor,20/05/1987,cmarlor4h@latimes.com,Philippines,Balaoang,2nd Avenue,8441,052-8616161,01/05/1993,greece_marina|pakistan_rajo khanani|argentina_piquillin|colombia_palestina|china_xianzong|indonesia_purwodadi|greece_antiparos|thailand_na thawi|indonesia_somba,haifa
addGuide,48842,12345678,Rriocard,Beattie,08/04/1968,rbeattie4p@sina.com.cn,Philippines,Dingle,Dovetail Pass,2,052-8070707,04/01/2004,greece_marina|russia_korsakovo|russia_shumyachi|philippines_cumadcad|united states_san bernardino|russia_ust’-ilimsk|china_chunjiang,haifa
addGuide,48874,12345678,Sondra,Goodlud,11/08/1992,sgoodlud50@cisco.com,Thailand,Ban Phan Don,Roxbury Alley,56510,052-8070707,06/09/2005,greece_marina|china_lanling|ukraine_mukacheve|china_shengli|mongolia_baruunsuu|russia_rognedino|mexico_lazaro cardenas|thailand_na thawi|china_chunjiang,haifa
addGuide,48905,12345678,Laetitia,Dalligan,27/05/1976,ldalligan5a@mashable.com,Indonesia,Kedungtulup,Buell Alley,509,052-8020202,03/08/1998,greece_marina|china_shengli|argentina_piquillin|poland_oksa|china_duyanggang|mexico_lazaro cardenas|kuwait_al ahmadi|slovenia_mezica|china_wugong,haifa
addGuide,49617,12345678,Gerri,Cicullo,15/10/1973,gcicullo5t@de.vu,China,Zhenping Chengguanzhen,Lake View Circle,18687,054-5773662,9/21/1991,greece_marina|france_angouleme|philippines_victoria|colombia_galan|united states_gary|indonesia_purwodadi|mexico_la esperanza|kuwait_al ahmadi|argentina_villa santa rita|china_chunjiang,haifa
addGuide,49655,12345678,Chancey,MacDougal,26/03/1967,cmacdougal6a@ted.com,Indonesia,Ciputat,Forest Run Parkway,38,054-5773662,6/15/1995,greece_marina|pakistan_dera murad jamali|venezuela_santa maria de ipire|indonesia_purwodadi|russia_blagoveshchenka|thailand_na thawi|bolivia_mizque|china_xinjiebu,haifa
addGuide,49716,12345678,Izzy,Clutram,21/08/1983,iclutram6t@bandcamp.com,Russia,Veshnyaki,Prairie Rose Alley,601,052-8222777,06/08/2005,greece_marina|colombia_palestina|poland_oksa|mexico_la esperanza|indonesia_cihampelas|russia_ust’-ilimsk|colombia_giraldo,haifa
addGuide,49750,12345678,Emilia,O'Nion,29/04/1979,eonion76@businessweek.com,Sweden,Nässjö,Declaration Court,7097,052-8112111,12/24/2006,greece_marina|pakistan_rajo khanani|france_cahors|philippines_cumadcad|thailand_na thawi|bolivia_mizque,haifa
addGuide,49773,12345678,Kiele,Heball,10/02/1967,kheball78@youku.com,China,Tandou,Monument Center,81287, 052-8243444,04/03/1999,greece_marina|indonesia_banaran|mali_ke-macina|mexico_la esperanza|russia_ust’-ilimsk|haiti_port-au-prince|brazil_vespasiano|colombia_el carmen|china_xinjiebu,haifa
addGuide,49775,12345678,Garvin,Blant,25/03/1983,gblant7a@google.com,Czech Republic,Lišov,Spaight Terrace,17,052-8999333,07/08/1991,greece_marina|philippines_victoria|argentina_piquillin|colombia_palestina|palestinian territory_bayt ummar|greece_antiparos|united states_san bernardino|guinea_coyah|indonesia_banjar yehsatang|japan_yonezawa,haifa
addGuide,49836,12345678,Elyssa,Larsen,09/08/1968,elarsen7t@vkontakte.ru,Tajikistan,Norak,Norway Maple Avenue,18208,052-8666666,4/22/1996,greece_marina|china_shengli|russia_rognedino|russia_blagoveshchenka|mexico_la esperanza|slovenia_mezica|china_xinjiebu,haifa
addGuide,49840,12345678,Evelyn,Dureden,01/10/1960,edureden7x@accuweather.com,Brazil,Bandeirantes,Kingsford Alley,43,053-6676675,09/03/1990,greece_marina|united states_salinas|micronesia_ettal|france_angouleme|venezuela_santa maria de ipire|france_cahors|poland_oksa|brazil_petropolis|russia_ust’-kalmanka|albania_zall-dardhe,haifa
addGuide,50552,12345678,Jacquelyn,Sibbe,19/06/1969,jsibbe8g@cyberchimps.com,Portugal,Horta,Macpherson Trail,26,053-6565656,09/01/1990,greece_marina|indonesia_banaran|botswana_botlhapatlou|mali_ke-macina|namibia_maltahohe|thailand_na thawi|brazil_vespasiano|china_chunjiang,haifa
addGuide,50609,12345678,Jethro,Kernell,13/12/1986,jkernell8v@imgur.com,China,Dongbatu,Oak Valley Terrace,4,052-8776111,8/22/2002,greece_marina|indonesia_banaran|indonesia_purwodadi|mexico_lazaro cardenas|philippines_kapatagan|guinea_coyah|czech republic_jablonne nad orlici|bolivia_mizque|china_chunjiang,haifa
addGuide,50614,12345678,Redford,O' Scallan,19/02/1983,roscallan90@japanpost.jp,Burundi,Ruyigi,Hayes Plaza,97,052-8909011,6/21/1992,greece_marina|russia_shumyachi|russia_rognedino|china_duyanggang|guinea_coyah|iran_qohord-e bala,haifa
addGuide,50641,12345678,Wade,Diggar,15/10/1980,wdiggar96@delicious.com,China,Gaoyi,Bay Drive,17507,052-8880880,1/30/2004,greece_marina|canada_carman|argentina_piquillin|panama_la mesa|russia_rognedino|uganda_kalangala|philippines_cumadcad|philippines_kapatagan|kuwait_al ahmadi|indonesia_munjungan|thailand_amphawa,haifa
addGuide,50647,12345678,Lemar,Tawton,03/09/1983,ltawton9c@ehow.com,Kazakhstan,Balyqshy,Lillian Alley,67,052-8212333,5/18/1991,greece_marina|china_lanling|ghana_hohoe|russia_shumyachi|venezuela_santa maria de ipire|russia_slobodskoy|russia_blagoveshchenka|philippines_kapatagan|brazil_vespasiano|china_chunjiang,haifa
addGuide,50647,12345678,Lemar,Tawton,03/09/1983,ltawton9c@ehow.com,Kazakhstan,Balyqshy,Lillian Alley,67,052-8000911,5/18/1991,greece_marina|france_angouleme|russia_rognedino|indonesia_cihampelas|haiti_port-au-prince|china_chunjiang,haifa
addGuide,50648,12345678,Zonnya,Gladman,31/10/1993,zgladman9d@naver.com,China,Tongyang,Northfield Hill,828,052-8616161,05/04/2006,greece_marina|united states_salinas|indonesia_kalabahi|russia_shumyachi|panama_la mesa|nigeria_ila orangun|russia_slobodskoy|russia_ust’-ilimsk|indonesia_banjar yehsatang,haifa
addGuide,50679,12345678,Vikky,Acreman,17/01/1965,vacreman9n@yellowbook.com,Palestinian Territory,Immātīn,Warbler Road,269,052-8070707,12/02/1993,greece_marina|russia_shumyachi|france_cahors|palestinian territory_bayt ummar|russia_slobodskoy|philippines_cumadcad|mexico_la esperanza|peru_checacupe|czech republic_jablonne nad orlici|albania_zall-dardhe|china_xinjiebu,haifa
addGuide,50706,12345678,Benjie,O'Garmen,03/06/1992,bogarmen9t@domainmarket.com,Russia,Sergiyev Posad,American Ash Parkway,6,052-8070707,02/06/2002,greece_marina|philippines_victoria|south africa_lady frere|philippines_cumadcad|mexico_lazaro cardenas|peru_checacupe|united states_naples|colombia_giraldo|bulgaria_burgas,haifa
addGuide,50767,12345678,Yoshiko,Roder,12/10/1972,yroderac@un.org,Yemen,Ḩabābah,Cardinal Point,3,052-8020202,06/05/1997,greece_marina|france_arcueil|france_angouleme|argentina_piquillin|south africa_lady frere|greece_antiparos|china_duyanggang|philippines_san ramon|united states_naples|indonesia_somba,haifa
addGuide,50803,12345678,Adelaida,Inkle,24/05/1963,ainklear@princeton.edu,Czech Republic,Police nad Metují,Londonderry Point,721,054-5773662,04/05/1999,greece_marina|canada_carman|united states_gary|china_duyanggang|brazil_petropolis|indonesia_munjungan|albania_zall-dardhe,haifa
addGuide,50835,12345678,Odetta,Sprulls,28/08/1990,osprullsb2@foxnews.com,Argentina,Machagai,Truax Trail,20,054-5773662,02/05/1993,greece_marina|micronesia_ettal|united states_gary|mexico_lazaro cardenas|indonesia_cihampelas|indonesia_munjungan|indonesia_somba,haifa
addGuide,51546,12345678,Patin,Gaitskell,03/02/1982,pgaitskellbk@upenn.edu,Sweden,Kungsbacka,Old Gate Drive,231,052-8222777,01/12/1998,greece_marina|russia_korsakovo|argentina_piquillin|russia_shumyachi|indonesia_purwodadi|kuwait_al ahmadi|guinea_coyah|colombia_el carmen,haifa
addGuide,51602,12345678,Thelma,Mannin,17/01/1963,tmanninby@gmpg.org,Kosovo,Zubin Potok,Duke Circle,0,052-8112111,4/19/2003,greece_marina|indonesia_banaran|palestinian territory_bayt ummar|russia_slobodskoy|mexico_lazaro cardenas|philippines_kapatagan|colombia_giraldo|japan_yonezawa,haifa
addGuide,51637,12345678,Jim,De Coursey,27/12/1970,jdecourseycc@live.com,Bosnia and Herzegovina,Derventa,Mitchell Junction,402, 052-8243444,9/18/2007,greece_marina|colombia_galan|argentina_piquillin|united states_gary|mali_ke-macina|china_duyanggang|mexico_la esperanza|brazil_vespasiano|indonesia_banjar yehsatang|indonesia_somba|china_chunjiang,haifa
addGuide,51695,12345678,Zacherie,Redhole,16/11/1970,zredholecs@bluehost.com,Brazil,Cambará,Kim Pass,6,052-8999333,01/07/1991,greece_marina|ukraine_mukacheve|china_shengli|mongolia_baruunsuu|russia_blagoveshchenka|thailand_amphawa|iran_qohord-e bala,haifa
addGuide,51697,12345678,Patten,Dyos,18/03/1983,pdyoscu@unc.edu,France,Massy,Oakridge Avenue,7235,052-8666666,4/29/2006,greece_marina|russia_korsakovo|indonesia_banaran|poland_oksa|philippines_cumadcad|malta_kercem|brazil_vespasiano|colombia_giraldo|bolivia_mizque|malaysia_kota kinabalu,haifa
addGuide,51733,12345678,Corrie,Berkeley,09/04/1974,cberkeleyd9@linkedin.com,Reunion,Le Port,Stuart Park,7169,053-6676675,7/27/2004,greece_marina|ukraine_mukacheve|russia_shumyachi|poland_oksa|peru_checacupe|slovenia_mezica|united states_naples|bolivia_mizque,haifa
addGuide,51759,12345678,Patrica,Weaben,11/08/1986,pweabende@people.com.cn,Sweden,Eksjö,Jenifer Plaza,67949,053-6565656,4/25/2004,greece_marina|france_arcueil|pakistan_dera murad jamali|china_xianzong|malta_kercem|russia_blagoveshchenka|haiti_port-au-prince|iran_qohord-e bala,haifa
addGuide,51789,12345678,Orly,Dossett,08/10/1962,odossettdn@moonfruit.com,Mexico,Morelos,Nobel Parkway,42,052-8776111,03/10/2006,greece_marina|colombia_palestina|china_hushan|south africa_lady frere|peru_checacupe|indonesia_banjar yehsatang|china_chunjiang|bulgaria_burgas,haifa
addGuide,51789,12345678,Orly,Dossett,08/10/1962,odossettdn@moonfruit.com,Mexico,Morelos,Nobel Parkway,42,052-8909011,03/10/2006,greece_marina|united states_salinas|indonesia_kalabahi|venezuela_santa maria de ipire|china_xianzong|russia_rognedino|russia_gvardeysk|russia_ust’-kalmanka|thailand_amphawa|china_xinjiebu,haifa
addGuide,51791,12345678,Trudie,Milsom,10/10/1993,tmilsomdp@smh.com.au,Indonesia,Lembursawah,Garrison Alley,70,052-8880880,4/25/2004,greece_marina|france_angouleme|indonesia_banaran|mali_ke-macina|peru_checacupe|guinea_coyah|albania_zall-dardhe|china_chunjiang,haifa
addGuide,52478,12345678,Susannah,Sherrett,10/05/1976,ssherrette4@ox.ac.uk,Brazil,Sumaré,Hoepker Hill,7,052-8212333,11/19/1993,greece_marina|pakistan_rajo khanani|united states_gary|china_duyanggang|philippines_kapatagan|haiti_port-au-prince|colombia_el carmen,haifa
addGuide,52532,12345678,Mayor,Spurret,10/02/1964,mspurreteg@icio.us,China,Wenwuba,Blaine Park,6,052-8000911,6/15/2006,greece_marina|indonesia_banaran|united states_gary|china_xianzong|thailand_phetchabun|uganda_kalangala|mexico_lazaro cardenas|kuwait_al ahmadi|indonesia_munjungan,haifa
addGuide,52564,12345678,Benton,Dibbin,10/03/1990,bdibbiner@google.co.jp,Indonesia,Semambung,Quincy Road,90,052-8616161,1/30/1999,greece_marina|france_angouleme|palestinian territory_bayt ummar|poland_oksa|mexico_la esperanza|kuwait_al ahmadi|indonesia_banjar yehsatang|bolivia_mizque,haifa
addGuide,52570,12345678,Kathryn,Crenshaw,05/04/1985,kcrenshawex@woothemes.com,Afghanistan,Nūsay,Hoard Pass,8793,052-8070707,6/16/2004,greece_marina|pakistan_dera murad jamali|colombia_galan|colombia_palestina|russia_rognedino|united states_san bernardino|brazil_vespasiano|albania_zall-dardhe,haifa
addGuide,52626,12345678,Vasilis,Gallen,14/05/1995,vgallenfb@joomla.org,China,Xiuyu,Loftsgordon Crossing,477,052-8070707,1/16/1999,greece_marina|colombia_galan|botswana_botlhapatlou|china_duyanggang|haiti_port-au-prince|argentina_villa santa rita,haifa
addGuide,52628,12345678,Corby,Minchinden,12/06/1990,cminchindenfd@ovh.net,Russia,Novopokrovskaya,Anderson Junction,1,052-8020202,08/03/2001,greece_marina|colombia_galan|colombia_palestina|indonesia_purwodadi|russia_ust’-ilimsk|brazil_vespasiano|china_chunjiang|china_xinjiebu,haifa
addGuide,52656,12345678,Liv,Bretland,20/01/1969,lbretlandfk@newyorker.com,Poland,Wieczfnia Kościelna,Porter Hill,6,054-5773662,12/15/2006,greece_marina|ghana_hohoe|ukraine_mukacheve|indonesia_kalabahi|thailand_phetchabun|philippines_cumadcad|peru_checacupe|haiti_port-au-prince|argentina_villa santa rita,haifa
addGuide,52657,12345678,Glen,Yerill,08/03/1985,gyerillfl@gizmodo.com,Indonesia,Oeba,Springs Pass,56281,054-5773662,7/31/1992,greece_marina|indonesia_banaran|indonesia_purwodadi|russia_blagoveshchenka|czech republic_jablonne nad orlici|thailand_amphawa,haifa
addGuide,52663,12345678,Angelika,Fahy,17/10/1975,afahyfr@washingtonpost.com,Ecuador,La Maná,Wayridge Junction,505,052-8222777,05/10/1991,greece_marina|pakistan_rajo khanani|indonesia_kalabahi|france_cahors|china_xianzong|poland_oksa|mali_ke-macina|russia_ust’-ilimsk|thailand_na thawi|china_wugong,haifa
addGuide,52694,12345678,Adelaida,Naismith,23/02/1978,anaismithg1@wsj.com,Vietnam,Minh Lương,Independence Center,6,052-8112111,03/09/2006,greece_marina|argentina_piquillin|indonesia_banaran|venezuela_santa maria de ipire|greece_antiparos|indonesia_cihampelas|philippines_kapatagan|united states_naples|colombia_giraldo|malaysia_kota kinabalu|bulgaria_burgas,haifa
addGuide,52724,12345678,Wainwright,Picopp,28/04/1968,wpicoppga@wired.com,Brazil,Santana do Livramento,Autumn Leaf Parkway,7, 052-8243444,8/30/1991,greece_marina|micronesia_ettal|philippines_victoria|palestinian territory_bayt ummar|namibia_maltahohe|slovenia_mezica|albania_zall-dardhe,haifa
addGuide,53430,12345678,Melody,Cavozzi,17/02/1984,mcavozzign@issuu.com,China,Pingzhuang,Judy Circle,75,052-8999333,6/19/1991,greece_marina|micronesia_ettal|china_xianzong|philippines_san ramon|indonesia_cihampelas|thailand_amphawa,haifa
addGuide,53434,12345678,Hervey,Ogg,24/06/1983,hogggr@parallels.com,China,Shuangta,Loftsgordon Road,6,052-8666666,11/25/2001,greece_marina|canada_carman|united states_gary|nigeria_ila orangun|malta_kercem|slovenia_mezica|china_wugong|japan_yonezawa,haifa
addGuide,53465,12345678,Tonnie,Cushelly,22/01/1994,tcushellyh1@paginegialle.it,Egypt,Al Fayyūm,Haas Park,61,053-6676675,5/19/2002,greece_marina|colombia_galan|france_cahors|malta_kercem|russia_blagoveshchenka|russia_ust’-kalmanka|china_chunjiang,haifa
addGuide,53495,12345678,Gavan,Breeton,10/10/1970,gbreetonha@tumblr.com,Brazil,Jacobina,Independence Circle,63836,053-6565656,6/23/1992,greece_marina|philippines_victoria|china_shengli|mali_ke-macina|russia_blagoveshchenka|indonesia_munjungan|bulgaria_burgas,haifa
addGuide,53499,12345678,Deloria,Pfaff,28/03/1963,dpfaffhe@reddit.com,Russia,Salekhard,Northridge Plaza,75465,052-8776111,1/15/1992,greece_marina|ghana_hohoe|china_shengli|indonesia_banaran|united states_gary|greece_antiparos|russia_gvardeysk|czech republic_jablonne nad orlici|thailand_amphawa|china_xinjiebu,haifa
addGuide,53528,12345678,Sunny,Gogarty,21/12/1978,sgogartyhm@arstechnica.com,Democratic Republic of the Congo,Inongo,Prairieview Drive,6,052-8909011,8/14/1994,greece_marina|micronesia_ettal|argentina_piquillin|china_hushan|mali_ke-macina|indonesia_cihampelas|argentina_villa santa rita|iran_qohord-e bala,haifa
addGuide,53528,12345678,Sunny,Gogarty,21/12/1978,sgogartyhm@arstechnica.com,Democratic Republic of the Congo,Inongo,Prairieview Drive,6,052-8880880,8/14/1994,greece_marina|canada_carman|panama_la mesa|greece_antiparos|philippines_kapatagan|brazil_petropolis|czech republic_jablonne nad orlici|iran_qohord-e bala|bulgaria_burgas,haifa
addGuide,53563,12345678,Edin,Harburtson,28/06/1978,eharburtsoni0@noaa.gov,Peru,Pira,Talmadge Street,7577,052-8212333,7/23/1995,greece_marina|ukraine_mukacheve|venezuela_santa maria de ipire|thailand_phetchabun|nigeria_ila orangun|indonesia_purwodadi|brazil_petropolis|slovenia_mezica|indonesia_munjungan|colombia_giraldo,haifa
addGuide,53624,12345678,Giff,Stares,04/11/1984,gstaresij@altervista.org,China,Yingchuan,Florence Way,600,052-8000911,8/20/1998,greece_marina|china_lanling|france_arcueil|colombia_galan|china_shengli|palestinian territory_bayt ummar|botswana_botlhapatlou|china_duyanggang|russia_gvardeysk|brazil_vespasiano|albania_zall-dardhe|china_chunjiang,haifa
addGuide,53683,12345678,Idelle,Winchurch,19/03/1977,iwinchurchj0@geocities.jp,Greece,Velestíno,Moose Avenue,6,052-8616161,11/17/2007,greece_marina|russia_korsakovo|argentina_piquillin|russia_rognedino|poland_oksa|philippines_cumadcad|malta_kercem|russia_gvardeysk|colombia_giraldo,haifa
addGuide,53713,12345678,Sherwynd,Franck,24/06/1991,sfranckj9@webeden.co.uk,Indonesia,Parabon,Amoth Park,3211,052-8070707,5/27/2002,greece_marina|china_lanling|argentina_piquillin|colombia_palestina|china_xianzong|russia_rognedino|indonesia_purwodadi|russia_ust’-ilimsk|russia_ust’-kalmanka|argentina_villa santa rita,haifa
addGuide,54397,12345678,Jackson,Haveline,23/05/1977,jhavelinejl@jiathis.com,China,Huizhou,Utah Point,766,052-8070707,7/23/1991,greece_marina|ukraine_mukacheve|france_cahors|mali_ke-macina|russia_gvardeysk|brazil_petropolis|united states_naples|china_wugong,haifa
addGuide,54397,12345678,Jackson,Haveline,23/05/1977,jhavelinejl@jiathis.com,China,Huizhou,Utah Point,766,052-8020202,7/23/1991,greece_marina|ghana_hohoe|china_hushan|thailand_phetchabun|russia_blagoveshchenka|united states_san bernardino|colombia_el carmen,haifa
addGuide,54399,12345678,Ardra,Sterley,30/05/1994,asterleyjn@about.me,Philippines,Pagsañgahan,Bashford Parkway,85076,054-5773662,09/04/1996,greece_marina|china_shengli|china_xianzong|poland_oksa|mexico_la esperanza|colombia_el carmen|argentina_villa santa rita|china_xinjiebu,haifa
addGuide,54453,12345678,Dalt,Ream,10/05/1961,dreamjz@ow.ly,Serbia,Bačka Palanka,Columbus Plaza,7,054-5773662,5/25/2005,greece_marina|china_shengli|botswana_botlhapatlou|mali_ke-macina|peru_checacupe|russia_ust’-kalmanka|iran_qohord-e bala,haifa
addGuide,54455,12345678,Tootsie,Baughan,29/11/1988,tbaughank1@boston.com,Vietnam,Phúc Yên,Debs Circle,699,052-8222777,4/19/2002,greece_marina|pakistan_dera murad jamali|france_angouleme|indonesia_kalabahi|indonesia_banaran|south africa_lady frere|mexico_lazaro cardenas|haiti_port-au-prince|china_chunjiang,haifa
addGuide,54486,12345678,Wendell,Kilmary,09/02/1966,wkilmarykb@gmpg.org,North Korea,Kusŏng,Comanche Point,6910,052-8112111,08/08/1992,greece_marina|china_lanling|canada_carman|china_hushan|france_cahors|uganda_kalangala|guinea_coyah|china_wugong|china_xinjiebu,haifa
addGuide,54489,12345678,Durant,Klousner,20/12/1969,dklousnerke@technorati.com,Russia,Sokolovo,Vera Avenue,6, 052-8243444,5/20/1998,greece_marina|china_shengli|south africa_lady frere|indonesia_cihampelas|united states_naples|argentina_villa santa rita|indonesia_somba,haifa
addGuide,54548,12345678,Donaugh,Magne,08/04/1967,dmagnekv@imageshack.us,Sweden,Stockholm,Crescent Oaks Trail,700,052-8999333,12/29/2007,greece_marina|indonesia_banaran|russia_rognedino|philippines_cumadcad|peru_checacupe|russia_ust’-ilimsk|brazil_vespasiano|china_xinjiebu,haifa
addGuide,54582,12345678,Jakob,Swindlehurst,13/10/1965,jswindlehurstl8@wordpress.com,Poland,Baligród,Ridge Oak Plaza,9,052-8666666,12/22/2001,greece_marina|france_arcueil|russia_tatarka|micronesia_ettal|palestinian territory_bayt ummar|united states_gary|russia_rognedino|mali_ke-macina|peru_checacupe|haiti_port-au-prince|brazil_vespasiano|bulgaria_burgas,haifa
addGuide,54642,12345678,Coretta,Earie,28/09/1971,cearielq@squarespace.com,Zimbabwe,Bulawayo,Crownhardt Avenue,451,053-6676675,2/25/2005,greece_marina|indonesia_banaran|venezuela_santa maria de ipire|mongolia_baruunsuu|philippines_san ramon|guinea_coyah|bolivia_mizque|china_wugong,haifa
addGuide,54676,12345678,Gustav,Freemantle,19/02/1963,gfreemantlem3@plala.or.jp,Honduras,Jocón,Rigney Alley,3077,053-6565656,02/02/1993,greece_marina|colombia_palestina|china_xianzong|nigeria_ila orangun|mexico_la esperanza|colombia_el carmen|indonesia_banjar yehsatang,haifa
addGuide,55358,12345678,Melita,Basnett,12/07/1975,mbasnettmd@imgur.com,Germany,Stuttgart,Meadow Ridge Way,3887,052-8776111,08/04/2007,greece_marina|russia_shumyachi|philippines_cumadcad|brazil_petropolis|albania_zall-dardhe,haifa
addGuide,55414,12345678,Wendell,MacLoughlin,18/06/1992,wmacloughlinmr@over-blog.com,China,Zishan,Di Loreto Alley,970,052-8909011,9/23/2003,greece_marina|argentina_piquillin|china_xianzong|russia_blagoveshchenka|thailand_amphawa|indonesia_somba|china_chunjiang,haifa
addGuide,55417,12345678,Kacy,Goshawk,10/05/1968,kgoshawkmu@1und1.de,Argentina,General Arenales,Killdeer Way,11,052-8880880,06/02/1998,greece_marina|canada_carman|panama_la mesa|china_duyanggang|peru_checacupe|thailand_na thawi|slovenia_mezica|indonesia_munjungan,haifa
addGuide,55417,12345678,Kacy,Goshawk,10/05/1968,kgoshawkmu@1und1.de,Argentina,General Arenales,Killdeer Way,11,052-8212333,06/02/1998,greece_marina|china_shengli|united states_gary|russia_slobodskoy|mexico_la esperanza|thailand_amphawa,haifa
addGuide,55420,12345678,Clemmie,Bugg,07/12/1966,cbuggmx@google.nl,Finland,Närpes,Brentwood Alley,3,052-8000911,03/01/2003,greece_marina|russia_shumyachi|poland_oksa|china_duyanggang|russia_blagoveshchenka|indonesia_munjungan|albania_zall-dardhe,haifa
addGuide,55450,12345678,Lenka,Necolds,16/02/1962,lnecoldsn6@msn.com,Serbia,Lajkovac,Waywood Center,873,052-8616161,1/21/2002,greece_marina|pakistan_rajo khanani|indonesia_kalabahi|venezuela_santa maria de ipire|united states_gary|thailand_phetchabun|mexico_lazaro cardenas|brazil_vespasiano|slovenia_mezica|china_wugong|iran_qohord-e bala,haifa
addGuide,55484,12345678,Candra,Harvett,14/08/1976,charvettnj@wordpress.org,Indonesia,Taman,Shelley Lane,2,052-8070707,4/20/1992,greece_marina|russia_shumyachi|france_cahors|panama_la mesa|mongolia_baruunsuu|mexico_la esperanza|brazil_vespasiano|albania_zall-dardhe|japan_yonezawa,haifa
addGuide,55539,12345678,Zaria,Niemetz,16/10/1975,zniemetznw@weather.com,China,Hepu,Colorado Junction,3974,052-8070707,02/05/1997,greece_marina|france_angouleme|palestinian territory_bayt ummar|poland_oksa|mexico_lazaro cardenas|slovenia_mezica|indonesia_somba|bulgaria_burgas,haifa
addGuide,55543,12345678,Chicky,Showte,14/07/1991,cshowteo0@shinystat.com,Thailand,Nakhon Si Thammarat,Forster Avenue,6,052-8020202,01/02/1992,greece_marina|argentina_piquillin|mongolia_baruunsuu|indonesia_cihampelas|thailand_amphawa,haifa
addGuide,55546,12345678,Tally,Brazenor,25/10/1962,tbrazenoro3@digg.com,China,Meicheng,Dunning Circle,85,054-5773662,11/26/1998,greece_marina|pakistan_dera murad jamali|argentina_piquillin|botswana_botlhapatlou|peru_checacupe|brazil_vespasiano|colombia_giraldo,haifa
addGuide,55603,12345678,Alina,Fassan,24/01/1993,afassanoi@bluehost.com,Czech Republic,Bystřice nad Pernštejnem,Service Point,38,054-5773662,10/20/1998,greece_marina|russia_tatarka|colombia_galan|indonesia_banaran|poland_oksa|mexico_lazaro cardenas|mexico_la esperanza|czech republic_jablonne nad orlici|bolivia_mizque,haifa
addGuide,55607,12345678,Corrina,Charter,19/11/1989,ccharterom@un.org,New Caledonia,Dumbéa,Warner Road,4156,052-8222777,1/21/2000,greece_marina|united states_salinas|china_shengli|poland_oksa|mexico_la esperanza|brazil_petropolis|brazil_vespasiano|colombia_el carmen|bolivia_mizque,haifa
addGuide,55637,12345678,Rodolphe,Patient,30/08/1993,rpatientov@oakley.com,Colombia,Fundación,Erie Avenue,8967,052-8112111,04/12/2002,greece_marina|russia_tatarka|pakistan_dera murad jamali|colombia_palestina|uganda_kalangala|united states_san bernardino|czech republic_jablonne nad orlici,haifa
addGuide,56315,12345678,Maryjane,Jiracek,06/02/1961,mjiracekp1@privacy.gov.au,Indonesia,Raemude,Miller Alley,855, 052-8243444,7/31/2001,greece_marina|argentina_piquillin|botswana_botlhapatlou|indonesia_cihampelas|haiti_port-au-prince|bolivia_mizque|iran_qohord-e bala,haifa
addGuide,56353,12345678,Danila,Barth,26/06/1966,dbarthpi@si.edu,Cyprus,Meneou,Artisan Street,7864,052-8999333,01/06/1998,greece_marina|colombia_galan|russia_rognedino|namibia_maltahohe|mexico_lazaro cardenas|mexico_la esperanza|thailand_amphawa|bolivia_mizque,haifa
addGuide,56380,12345678,Kin,Willcock,09/03/1974,kwillcockpo@geocities.com,Gambia,Karantaba,Rutledge Junction,0,052-8666666,10/20/2000,greece_marina|pakistan_rajo khanani|pakistan_dera murad jamali|indonesia_banaran|south africa_lady frere|uganda_kalangala|mexico_la esperanza|colombia_el carmen,haifa
addGuide,56441,12345678,Rhianna,Greep,21/05/1995,rgreepq7@illinois.edu,China,Taishanmiao,Gateway Hill,4,053-6676675,6/20/1998,greece_marina|colombia_galan|nigeria_ila orangun|russia_rognedino|namibia_maltahohe|united states_naples|bulgaria_burgas,haifa
addGuide,56469,12345678,Katharyn,Havock,12/12/1961,khavockqe@digg.com,China,Nanjie,Sunbrook Way,920,053-6565656,10/14/1992,greece_marina|indonesia_kalabahi|venezuela_santa maria de ipire|namibia_maltahohe|united states_naples|bolivia_mizque,haifa
addGuide,56505,12345678,Brent,Brownbridge,01/11/1982,bbrownbridgeqt@nsw.gov.au,Philippines,Naghalin,Del Mar Road,4678,052-8776111,10/18/1997,greece_marina|ukraine_mukacheve|canada_carman|colombia_palestina|russia_slobodskoy|kuwait_al ahmadi|indonesia_somba,haifa
addGuide,56537,12345678,Philipa,Woodroffe,28/09/1962,pwoodroffer4@trellian.com,Portugal,Maceda,Fremont Court,1414,052-8909011,5/31/2000,greece_marina|argentina_piquillin|thailand_phetchabun|poland_oksa|philippines_kapatagan|thailand_na thawi|indonesia_somba|china_xinjiebu,haifa
addGuide,56569,12345678,Carmita,Punshon,26/11/1963,cpunshonrf@ca.gov,Peru,Tibillo,Mallard Street,4,052-8880880,11/13/1993,greece_marina|canada_carman|united states_gary|russia_rognedino|poland_oksa|indonesia_purwodadi|philippines_cumadcad|guinea_coyah|china_wugong,haifa
addGuide,56601,12345678,Annadiane,De Bellis,18/07/1966,adebellisrq@homestead.com,Philippines,Tococ East,Bowman Place,0,052-8212333,04/04/2000,greece_marina|indonesia_kalabahi|palestinian territory_bayt ummar|mali_ke-macina|malta_kercem|haiti_port-au-prince|thailand_na thawi|albania_zall-dardhe|bulgaria_burgas|israel_Afula,haifa
,,,,,,,,,,,,,,
-- ADD FLIGHTS --,,,,,,,,,,,,,,
,,,,,,,,,,,,,,
addFlight,COWN,91,Botswana,Botlhapatlou,Thailand,Na Thawi,413.15,20/12/2017,,,,,,
addFlight,UTL,203,Russia,Tatarka,Panama,La Mesa,457.94,14/01/2018,,,,,,
addFlight,DXYN,94,Russia,Slobodskoy,Thailand,Na Thawi,376.77,20/10/2017,,,,,,
addFlight,METC,227,Indonesia,Purwodadi,China,Chunjiang,374.14,03/10/2017,,,,,,
addFlight,PRGS,136,France,Cahors,United States,Gary,322.37,07/06/2018,,,,,,
addFlight,EFAS,205,China,Xianzong,Mali,Ke-Macina,415.09,11/12/2017,,,,,,
addFlight,WSO,117,Mongolia,Baruunsuu,Colombia,El Carmen,327.72,04/03/2018,,,,,,
addFlight,URGN,126,Colombia,Palestina,Malta,Kercem,165.11,04/11/2017,,,,,,
addFlight,MIY,94,Philippines,Cumadcad,Indonesia,Cihampelas,471.66,29/08/2017,,,,,,
addFlight,TGP,217,Russia,Tatarka,Venezuela,Santa Maria de Ipire,444.71,28/12/2017,,,,,,
addFlight,OESX,134,Poland,Oksa,Indonesia,Banjar Yehsatang,233.68,21/10/2017,,,,,,
addFlight,MMM,88,Indonesia,Kalabahi,Colombia,Palestina,280.52,27/11/2017,,,,,,
addFlight,KRCH,225,Panama,La Mesa,Czech Republic,Jablonne nad Orlici,421.42,27/06/2018,,,,,,
addFlight,SGF,221,Uganda,Kalangala,Brazil,Petropolis,494.25,28/11/2017,,,,,,
addFlight,CDXS,245,France,Angouleme,Mexico,Lazaro Cardenas,453.74,02/05/2018,,,,,,
addFlight,PLCE,153,Russia,Rognedino,Namibia,Maltahohe,310.58,13/08/2017,,,,,,
addFlight,RFA,120,Pakistan,Dera Murad Jamali,Russia,Shumyachi,374.93,18/02/2018,,,,,,
addFlight,LXPC,187,Panama,La Mesa,Nigeria,Ila Orangun,364.64,14/08/2017,,,,,,
addFlight,JHI,140,United States,Gary,Kuwait,Al Ahmadi,408.45,29/06/2018,,,,,,
addFlight,MAR,168,China,Xianzong,South Africa,Lady Frere,292.3,14/10/2017,,,,,,
addFlight,BTT,242,France,Cahors,Brazil,Petropolis,217.19,17/01/2018,,,,,,
addFlight,NTL,170,Mongolia,Baruunsuu,Botswana,Botlhapatlou,199.75,04/07/2018,,,,,,
addFlight,JPMF,162,Uganda,Kalangala,Colombia,El Carmen,190.68,21/09/2017,,,,,,
addFlight,DSL,182,Canada,Carman,Russia,Shumyachi,158.04,28/06/2018,,,,,,
addFlight,DRD,180,Venezuela,Santa Maria de Ipire,Russia,Slobodskoy,192.75,13/05/2018,,,,,,
addFlight,BSMX,230,Nigeria,Ila Orangun,Philippines,Cumadcad,462.44,30/08/2017,,,,,,
addFlight,AAT,133,Canada,Carman,France,Cahors,344.94,03/12/2017,,,,,,
addFlight,NBIX,101,Colombia,Palestina,Russia,Ust’-Ilimsk,384.35,14/10/2017,,,,,,
addFlight,UML,133,Canada,Carman,Isreal,Afula,179.67,21/09/2017,,,,,,
addFlight,GURE,239,United States,Salinas,Indonesia,Purwodadi,179.67,25/11/2017,,,,,,
addFlight,STI.WS.A,94,Canada,Carman,Colombia,Palestina,342.6,11/02/2018,,,,,,
addFlight,CATO,163,Panama,La Mesa,Russia,Gvardeysk,364.33,09/09/2017,,,,,,
addFlight,ANET,248,Philippines,Victoria,Namibia,Maltahohe,236.82,28/12/2017,,,,,,
addFlight,MCRB,133,Colombia,Galan,Venezuela,Santa Maria de Ipire,164.76,02/03/2018,,,,,,
addFlight,FPF,97,Micronesia,Ettal,Pakistan,Dera Murad Jamali,235.81,27/10/2017,,,,,,
addFlight,FLWS,171,Ukraine,Mukacheve,France,Cahors,344.1,21/09/2017,,,,,,
addFlight,EVH,229,Botswana,Botlhapatlou,Colombia,El Carmen,305.15,06/05/2018,,,,,,
addFlight,SGF,161,China,Xianzong,Brazil,Petropolis,408.32,20/03/2018,,,,,,
addFlight,ATVI,208,Panama,La Mesa,Slovenia,Mezica,106.06,02/04/2018,,,,,,
addFlight,UMHA,243,Palestinian Territory,Bayt Ummar,Malta,Kercem,93.62,14/03/2018,,,,,,
addFlight,FNBG,212,Thailand,Phetchabun,Malta,Kercem,480.38,23/08/2017,,,,,,
addFlight,MLI,93,Nigeria,Ila Orangun,Mexico,Lazaro Cardenas,110.54,01/04/2018,,,,,,
addFlight,ALOG,241,Indonesia,Purwodadi,Namibia,Maltahohe,384.85,06/05/2018,,,,,,
addFlight,MRTX,172,Mali,Ke-Macina,Peru,Checacupe,248.62,27/12/2017,,,,,,
addFlight,NBIX,333,Colombia,Palestina,Russia,Ust’-Ilimsk,384.35,14/10/2017,,,,,,
addFlight,MTGE,181,Venezuela,Santa Maria de Ipire,Russia,Gvardeysk,423.31,26/01/2018,,,,,,
addFlight,MERK,141,Greece,Marina,Colombia,Palestina,489.55,19/04/2018,,,,,,
addFlight,GRXB,179,China,Hushan,Thailand,Na Thawi,111.86,18/03/2018,,,,,,
addFlight,PTHN,100,Russia,Korsakovo,Canada,Carman,127.94,09/07/2018,,,,,,
addFlight,ABC,101,Micronesia,Ettal,Indonesia,Kalabahi,178.87,28/07/2017,,,,,,
addFlight,UBSI,81,Micronesia,Ettal,Colombia,Palestina,404.6,10/12/2017,,,,,,
addFlight,PBSK,161,Argentina,Piquillin,Botswana,Botlhapatlou,246.85,11/07/2018,,,,,,
addFlight,XPO,119,Philippines,Cumadcad,Colombia,El Carmen,494.99,18/02/2018,,,,,,
addFlight,WAC,204,Colombia,Palestina,Russia,Gvardeysk,252.48,10/05/2018,,,,,,
addFlight,ESGD,134,France,Cahors,China,Duyanggang,176.83,19/05/2018,,,,,,
addFlight,BMLJ,95,China,Shengli,Indonesia,Banaran,216.27,19/02/2018,,,,,,
addFlight,PHD,183,Russia,Korsakovo,France,Arcueil,253.46,31/08/2017,,,,,,
addFlight,LXP,198,Colombia,Galan,Argentina,Piquillin,452.34,02/02/2018,,,,,,
addFlight,TCFC,167,Pakistan,Rajo Khanani,Mexico,Lazaro Cardenas,398.24,31/03/2018,,,,,,
addFlight,FRPT,248,Argentina,Piquillin,Brazil,Petropolis,375.61,23/05/2018,,,,,,
addFlight,FNF,212,Colombia,Palestina,Peru,Checacupe,179.12,24/03/2018,,,,,,
addFlight,CRTN,184,Philippines,Cumadcad,Peru,Checacupe,352.47,12/10/2017,,,,,,
addFlight,POT,198,Philippines,Victoria,South Africa,Lady Frere,394.39,08/07/2018,,,,,,
addFlight,AEM,128,Russia,Korsakovo,Ghana,Hohoe,285.66,22/11/2017,,,,,,
addFlight,APOA,191,France,Angouleme,South Africa,Lady Frere,398.04,13/04/2018,,,,,,
addFlight,AFSIE,206,United States,Salinas,France,Arcueil,419.68,07/02/2018,,,,,,
addFlight,DWCH,224,China,Shengli,Indonesia,Cihampelas,104.94,29/06/2018,,,,,,
addFlight,GENY,188,Colombia,Galan,Russia,Rognedino,230.06,10/12/2017,,,,,,
addFlight,FTI,162,Micronesia,Ettal,Mexico,Lazaro Cardenas,318.57,05/05/2018,,,,,,
addFlight,PGZ,192,Russia,Korsakovo,Indonesia,Banaran,413.02,04/12/2017,,,,,,
addFlight,SREV,225,Ghana,Hohoe,Russia,Shumyachi,114.9,10/06/2018,,,,,,
addFlight,CFRA,111,Philippines,Cumadcad,Indonesia,Munjungan,422.53,12/04/2018,,,,,,
addFlight,MKL,132,South Africa,Lady Frere,Philippines,Kapatagan,347.82,30/12/2017,,,,,,
addFlight,CHCT,127,United States,Salinas,Venezuela,Santa Maria de Ipire,162.88,20/08/2017,,,,,,
addFlight,BFIT,176,Indonesia,Kalabahi,Indonesia,Banaran,351.15,30/03/2018,,,,,,
addFlight,COF.WS,190,Russia,Korsakovo,China,Xianzong,433.89,09/10/2017,,,,,,
addFlight,BBTG,236,Indonesia,Kalabahi,Venezuela,Santa Maria de Ipire,89.4,03/08/2017,,,,,,
addFlight,RNR,138,Colombia,Galan,Colombia,Galan,439.76,21/12/2017,,,,,,
addFlight,VTL,122,Russia,Tatarka,France,Cahors,393.23,07/06/2018,,,,,,
addFlight,CPAH,112,United States,Gary,Guinea,Coyah,224.2,22/11/2017,,,,,,
addFlight,KEYW,100,Botswana,Botlhapatlou,Slovenia,Mezica,184.74,19/12/2017,,,,,,
addFlight,FSB,225,Greece,Marina,Mali,Ke-Macina,400.36,10/08/2017,,,,,,
addFlight,SUIA,182,Ukraine,Mukacheve,Colombia,Galan,342.06,22/12/2017,,,,,,
addFlight,RUSHB,227,Mali,Ke-Macina,Colombia,El Carmen,161.75,18/02/2018,,,,,,
addFlight,BFO,132,Philippines,Cumadcad,Philippines,San Ramon,378.98,14/07/2018,,,,,,
addFlight,SSRI,163,Palestinian Territory,Bayt Ummar,Peru,Checacupe,163.98,17/07/2018,,,,,,
addFlight,CVRR,124,Nigeria,Ila Orangun,Philippines,Kapatagan,451.33,19/10/2017,,,,,,
addFlight,MIII,190,United States,Gary,Czech Republic,Jablonne nad Orlici,473.26,03/02/2018,,,,,,
addFlight,IMMR,250,Palestinian Territory,Bayt Ummar,Philippines,Kapatagan,325.76,31/01/2018,,,,,,
addFlight,ERIC,111,Colombia,Galan,South Africa,Lady Frere,465.2,28/08/2017,,,,,,
addFlight,VXUS,171,Thailand,Phetchabun,Philippines,San Ramon,285.84,08/02/2018,,,,,,
addFlight,NHA,181,Panama,La Mesa,Russia,Rognedino,182.44,22/05/2018,,,,,,
,,,,,,,,,,,,,,
-- ADD ACCOMMODATIONS --,,,,,,,,,,,,,,
,,,,,,,,,,,,,,
addHotel,1,Agimba,149,4,373.53,Philippines,Kapatagan,3,FALSE,TRUE,,,,
addHotel,2,Thoughtmix,320,3,295.8,Indonesia,Purwodadi,2.16,TRUE,FALSE,,,,
addHotel,3,Fanoodle,376,3,283.82,Indonesia,Cihampelas,4.66,TRUE,TRUE,,,,
addHotel,4,Aimbo,224,3,240.68,Mongolia,Baruunsuu,3.98,TRUE,FALSE,,,,
addHotel,5,Linkbridge,166,4,374.58,Thailand,Amphawa,1.72,TRUE,TRUE,,,,
addHotel,6,Tagopia,295,2,204.41,Poland,Oksa,1.3,TRUE,FALSE,,,,
addHotel,7,Vimbo,204,3,287.34,Slovenia,Mezica,4.92,FALSE,FALSE,,,,
addHotel,8,Gabcube,346,2,262.05,Indonesia,Purwodadi,4.66,TRUE,FALSE,,,,
addHotel,9,Eayo,447,3,235.68,Greece,Antiparos,3.38,TRUE,FALSE,,,,
addHotel,10,Livefish,321,2,388.11,Indonesia,Kalabahi,3.72,TRUE,FALSE,,,,
addHotel,11,JumpXS,398,3,352.95,Nigeria,Ila Orangun,3.86,TRUE,TRUE,,,,
addHotel,12,Snaptags,299,3,305.7,Mexico,La Esperanza,1.63,TRUE,TRUE,,,,
addHotel,13,Abata,363,2,265.2,Russia,Ust’-Ilimsk,4.83,TRUE,TRUE,,,,
addHotel,14,Pixope,330,2,202.54,Guinea,Coyah,1.91,TRUE,FALSE,,,,
addHotel,15,Blogpad,126,4,276.16,Kuwait,Al Ahmadi,1.24,TRUE,FALSE,,,,
addHotel,16,Shuffledrive,289,3,305.91,Malaysia,Kota Kinabalu,1.19,FALSE,FALSE,,,,
addHotel,17,Photobug,266,2,325.95,France,Arcueil,2.13,TRUE,FALSE,,,,
addHotel,18,Kwilith,480,4,205.41,Brazil,Petropolis,2.68,FALSE,FALSE,,,,
addHotel,19,Eazzy,380,2,286.35,China,Xinjiebu,2.88,FALSE,TRUE,,,,
addHotel,20,Katz,420,2,331.71,Bulgaria,Burgas,2.88,FALSE,FALSE,,,,
addHotel,21,Edgeclub,484,2,371.07,Colombia,Palestina,2.26,FALSE,TRUE,,,,
addHotel,22,Eadel,217,2,354.11,Israel,Bayt Yam,1.21,FALSE,FALSE,,,,
addHotel,23,Quinu,439,2,365.12,China,Xianzong,4.02,FALSE,TRUE,,,,
addHotel,24,Twitterworks,486,4,272.88,Czech Republic,Jablonne nad Orlici,4.39,FALSE,TRUE,,,,
addHotel,25,Quamba,182,3,240.31,United States,Naples,2.41,FALSE,FALSE,,,,
addHotel,26,Realfire,300,2,340.4,Argentina,Piquillin,3.13,TRUE,TRUE,,,,
addHotel,27,Topdrive,155,4,255.17,Russia,Tatarka,4.86,TRUE,TRUE,,,,
addHotel,28,Photospace,493,2,397.77,Poland,Oksa,4.39,FALSE,TRUE,,,,
addHotel,29,Blogpad,458,3,247.16,Russia,Blagoveshchenka,3.06,TRUE,FALSE,,,,
addHotel,30,Linkbridge,293,4,316.5,Peru,Checacupe,1.47,TRUE,TRUE,,,,
addHotel,31,Teklist,440,3,273.38,Namibia,Maltahohe,4.21,TRUE,TRUE,,,,
addHotel,32,Fatz,295,4,390.13,France,Arcueil,2.82,TRUE,TRUE,,,,
addHotel,33,Yoveo,277,2,372.88,Indonesia,Kalabahi,4.67,FALSE,TRUE,,,,
addHotel,33,DabZ,452,4,225.38,United States,Salinas,2.53,TRUE,TRUE,,,,
addHotel,35,Topiczoom,488,2,341.93,Russia,Slobodskoy,3.77,FALSE,TRUE,,,,
,,,,,,,,,,,,,,
addHostel,36,Skaboo,473,3,316.6,Brazil,Petropolis,0,,,,,,
addHostel,37,Leenti,326,4,321.4,South Africa,Lady Frere,0,,,,,,
addHostel,38,Blognation,333,4,281.27,Indonesia,Munjungan,1,,,,,,
addHostel,39,Rhyloo,264,4,249.13,Philippines,Kapatagan,1,,,,,,
addHostel,40,Zazio,421,3,375.67,Uganda,Kalangala,1,,,,,,
addHostel,41,Wordware,454,2,254.64,Malta,Kercem,1,,,,,,
addHostel,42,Vimbo,204,3,287.34,France,Angouleme,0,,,,,,
addHostel,43,Brainlounge,446,4,379.27,Philippines,Kapatagan,0,,,,,,
addHostel,44,Tagfeed,267,3,292.02,China,Shengli,1,,,,,,
addHostel,45,Babbleopia,122,3,317.1,Indonesia,Banjar Yehsatang,1,,,,,,
addHostel,46,Rhynyx,203,3,309.76,Ukraine,Mukacheve,1,,,,,,
addHostel,47,Kazio,188,2,306.52,Argentina,Piquillin,1,,,,,,
addHostel,48,Riffpath,129,4,253.96,Guinea,Coyah,1,,,,,,
addHostel,49,Brainverse,492,3,262.99,Kuwait,Al Ahmadi,1,,,,,,
addHostel,50,Wikizz,268,2,237.16,China,Lanling,1,,,,,,
addHostel,51,Teklist,440,2,337.06,Ghana,Hohoe,1,,,,,,
addHostel,52,Yombu,367,4,274.69,Ghana,Hohoe,1,,,,,,
addHostel,53,Brainlounge,472,4,363.43,China,Duyanggang,1,,,,,,
addHostel,54,Fadeo,372,3,354.17,Russia,Slobodskoy,1,,,,,,
addHostel,55,Twimm,140,3,332.29,Albania,Zall-Dardhe,1,,,,,,
addHostel,56,Jabbersphere,289,4,354.36,Colombia,Galan,1,,,,,,
addHostel,57,Kwimbee,486,3,260.48,Indonesia,Cihampelas,1,,,,,,
addHostel,58,Voomm,132,2,228.55,Philippines,Victoria,0,,,,,,
addHostel,59,Quinu,480,3,298.1,Micronesia,Ettal,1,,,,,,
addHostel,60,Wordware,469,2,327.53,Indonesia,Munjungan,0,,,,,,
addHostel,61,Tekfly,439,4,290.05,Uganda,Kalangala,0,,,,,,
addHostel,62,Kaymbo,153,4,289.99,Colombia,Palestina,1,,,,,,
addHostel,63,Photolist,245,2,374.07,Russia,Tatarka,1,,,,,,
addHostel,64,Plambee,372,3,368.73,South Africa,Lady Frere,1,,,,,,
addHostel,65,Riffpath,453,2,271.71,Colombia,Giraldo,0,,,,,,
addHostel,66,Mybuzz,185,3,269.11,United States,Gary,0,,,,,,
addHostel,67,Dynazzy,453,2,332.8,Russia,Ust’-Kalmanka,0,,,,,,
addHostel,68,Katz,128,4,234.1,Uganda,Kalangala,0,,,,,,
addHostel,69,Plajo,220,3,314.07,Philippines,Kapatagan,1,,,,,,
addHostel,69,Kwilith,104,3,306.86,Mexico,Lazaro Cardenas,1,,,,,,
addHostel,71,Oyoloo,396,3,343.09,Israel,Bayt Yam,0,,,,,,
addHostel,72,Topiczoom,488,2,341.93,Poland,Oksa,0,,,,,,
,,,,,,,,,,,,,,
addMotel,73,Mymm,140,4,359.81,China,Xinjiebu,TRUE,TRUE,,,,,
addMotel,74,Yabox,178,2,348.07,Albania,Zall-Dardhe,TRUE,FALSE,,,,,
addMotel,75,Mita,493,3,232.26,Namibia,Maltahohe,FALSE,FALSE,,,,,
addMotel,79,Brightdog,136,3,374.26,Canada,Carman,FALSE,TRUE,,,,,
addMotel,80,Realcube,294,2,283.55,China,Hushan,TRUE,TRUE,,,,,
addMotel,81,Yambee,448,3,261.16,France,Angouleme,FALSE,TRUE,,,,,
addMotel,82,Dabjam,278,2,379.88,United States,Salinas,FALSE,TRUE,,,,,
addMotel,83,Zoonder,284,4,339.04,Palestinian Territory,Bayt Ummar,TRUE,FALSE,,,,,
addMotel,84,Jaxworks,188,4,313.7,Philippines,Kapatagan,TRUE,TRUE,,,,,
addMotel,85,Meembee,435,4,255.27,Slovenia,Mezica,TRUE,TRUE,,,,,
addMotel,86,Gigabox,144,2,392.45,Argentina,Piquillin,FALSE,TRUE,,,,,
addMotel,87,Skinte,317,3,301.56,Colombia,Palestina,FALSE,TRUE,,,,,
addMotel,88,Bluezoom,216,2,300.56,Bulgaria,Burgas,FALSE,TRUE,,,,,
addMotel,88,Shufflester,268,3,264.97,Palestinian Territory,Bayt Ummar,TRUE,FALSE,,,,,
addMotel,90,Vinder,322,3,342.98,Colombia,Galan,TRUE,FALSE,,,,,
addMotel,91,Reallinks,144,3,206.8,Albania,Zall-Dardhe,TRUE,FALSE,,,,,
addMotel,92,Eazzy,243,2,280.71,Israel,Bayt Yam,FALSE,TRUE,,,,,
addMotel,93,Jaxnation,264,2,236.88,Russia,Blagoveshchenka,TRUE,TRUE,,,,,
,,,,,,,,,,,,,,
-- ADD GROUP TRIPS --,,,,,,,,,,,,,,
,,,,,,,,,,,,,,
addExperiencedDestinationsforGuide,53624,United States,San Bernardino,,,,,,,,,,,
addExperiencedDestinationsforGuide,55450,Israel,Haifa,,,,,,,,,,,
addExperiencedDestinationsforGuide,55450,Indonesia,Kalabahi,,,,,,,,,,,
addExperiencedDestinationsforGuide,55450,China,Xianzong,,,,,,,,,,,
,,,,,,,,,,,,,,
-- ADD GROUP TRIPS --,,,,,,,,,,,,,,
,,,,,,,,,,,,,,
addTrip,1,52657,description,06/11/2018,Thailand,Amphawa,32.55,43,,,,,,
addTrip,2,51733,description,12/10/2017,Bolivia,Mizque,10.04,22,,,,,,
addTrip,3,52694,description,11/09/2017,Colombia,Giraldo,43.92,48,,,,,,
addTrip,4,53495,description,9/30/2017,Bulgaria,Burgas,44.13,43,,,,,,
addTrip,5,53528,description,06/08/2018,China,Hushan,21.15,32,,,,,,
addTrip,6,55484,description,5/20/2018,Russia,Shumyachi,38.28,36,,,,,,
addTrip,7,1760,description,4/26/2018,Russia,Tatarka,13.28,33,,,,,,
addTrip,8,50641,description,03/04/2018,Canada,Carman,32.72,36,,,,,,
addTrip,9,48874,description,03/09/2018,China,Shengli,49.34,23,,,,,,
addTrip,10,53713,description,02/09/2018,Russia,Rognedino,45.02,49,,,,,,
addTrip,11,50647,description,1/19/2018,China,Lanling,35.36,19,,,,,,
addTrip,12,48753,description,12/11/2017,Colombia,Palestina,38.91,43,,,,,,
addTrip,13,56469,description,2/20/2018,United States,Naples,19.75,23,,,,,,
addTrip,14,55450,description,11/17/2017,China,Xianzong,22.67,14,,,,,,
addTrip,15,48789,description,10/17/2017,Philippines,Cumadcad,44.5,18,,,,,,
addTrip,16,50679,description,11/11/2017,Russia,Shumyachi,13.79,14,,,,,,
addTrip,17,52570,description,02/10/2018,Colombia,Palestina,31.1,39,,,,,,
addTrip,18,55450,description,11/16/2017,Indonesia,Kalabahi,32,21,,,,,,
addTrip,18,55450,description,11/16/2017,Ghana,Hohoe,32,21,,,,,,
addTrip,19,55539,description,11/06/2017,Greece,Marina,42.27,30,,,,,,
addTrip,20,48696,description,12/03/2017,China,Wugong,36.42,30,,,,,,
addTrip,21,52532,description,04/07/2018,China,Xianzong,16.78,12,,,,,,
addTrip,22,52724,description,6/20/2018,Philippines,Victoria,22.79,46,,,,,,
addTrip,23,53624,description,09/12/2017,Russia,Gvardeysk,27.04,35,,,,,,
addTrip,24,1572,description,11/11/2017,Mexico,Lazaro Cardenas,15.79,40,,,,,,
addTrip,25,22417,description,2/20/2018,Indonesia,Cihampelas,28.73,48,,,,,,
addTrip,26,55414,description,3/18/2018,Thailand,Amphawa,28.12,39,,,,,,
addTrip,27,52657,description,2/17/2018,Indonesia,Purwodadi,34.35,44,,,,,,
addTrip,28,53465,description,11/04/2017,Russia,Blagoveshchenka,34.91,40,,,,,,
addTrip,29,49836,description,11/03/2017,Russia,Rognedino,21.09,36,,,,,,
addTrip,30,51789,description,10/07/2017,Bulgaria,Burgas,20.36,38,,,,,,
addTrip,31,55417,description,10/19/2017,United States,Gary,10.41,36,,,,,,
addTrip,32,55539,description,02/12/2018,France,Angouleme,32.87,20,,,,,,
addTrip,33,52478,description,1/15/2018,China,Duyanggang,31.75,31,,,,,,
addTrip,34,51759,description,7/13/2018,Israel,Afula,43.2,19,,,,,,
addTrip,35,53624,description,10/07/2017,United States,San Bernardino,11.87,22,,,,,,
addTrip,36,53624,description,10/07/2017,Greece,Marina,11.87,22,,,,,,
,,,,,,,,,,,,,,
-- ADD TRAVEL PACKAGES --,,,,,,,,,,,,,,
,,,,,,,,,,,,,,
addPackage,American Pirate,4,1999,1A|2A|3A|4A|5A|6A,PRGS,1|2,1|3|5,,,,,,,
addPackage,Family Vacation,5,1499,1F|2F|3F|4F|5F,VTL|MKL|UBSI,5,3,,,,,,,
addPackage,Bushworld Adventures,2,5137,1B|2B|3B|4B|5B|6B|7B|8B|9B,GURE|ERIC|AAT|PBSK,42|54|88|103,1,,,,,,,
addPackage,Wild Life,3,399,1W|2W|3W|4W,FRPT|CFRA|UBSI,45,|,,,,,,,
addPackage,Business Package,1,1599,1B|2B|3B|4B,DWCH|BMLJ,18|86,|,,,,,,,
addPackage,Simple Vacation,4,499,1S|2S,SREV,34,|,,,,,,,
addPackage,Honeymoon,2,999,1H|2H|3H,MERK,9,36,,,,,,,
,,,,,,,,,,,,,,
makeCustomOrder,11,50458849,2,,,,,,,,,,,
makeCustomOrder,22,1515174,5,,,,,,,,,,,
makeCustomOrder,33,50519540,3,,,,,,,,,,,
makeCustomOrder,97,50459062,2,,,,,,,,,,,
,,,,,,,,,,,,,,
addTicketCheckInToOrder,1,11,50458849,CDXS,F,,,,,,,,,
addTicketCheckInToOrder,2,11,50458849,55,A,,,,,,,,,
addTicketCheckInToOrder,3,11,50458849,84,A,,,,,,,,,
addTicketCheckInToOrder,4,11,50458849,3,G,,,,,,,,,
addTicketCheckInToOrder,5,22,1515174,MKL,F,,,,,,,,,
addTicketCheckInToOrder,6,22,1515174,MRTX,F,,,,,,,,,
addTicketCheckInToOrder,7,22,1515174,23,A,,,,,,,,,
addTicketCheckInToOrder,8,22,1515174,24,A,,,,,,,,,
addTicketCheckInToOrder,9,22,1515174,5,G,,,,,,,,,
addTicketCheckInToOrder,10,22,1515174,9,G,,,,,,,,,
addTicketCheckInToOrder,11,22,1515174,12,G,,,,,,,,,
addTicketCheckInToOrder,12,33,50519540,UBSI,F,,,,,,,,,
addTicketCheckInToOrder,13,33,50519540,77,A,,,,,,,,,
addTicketCheckInToOrder,14,33,50519540,55,A,,,,,,,,,
addTicketCheckInToOrder,15,97,50459062,88,A,,,,,,,,,
addTicketCheckInToOrder,16,97,50459062,86,A,,,,,,,,,
,,,,,,,,,,,,,,
makeOrderFromPackage,44,50429181,American Pirate,,,,,,,,,,,
makeOrderFromPackage,55,50605913,Family Vacation,,,,,,,,,,,
makeOrderFromPackage,66,50577080,Family Vacation,,,,,,,,,,,
makeOrderFromPackage,77,50490686,Business Package,,,,,,,,,,,
makeOrderFromPackage,88,1514221,Simple Vacation,,,,,,,,,,,
makeOrderFromPackage,99,50431258,American Pirate,,,,,,,,,,,
makeOrderFromPackage,45,50548370,Family Vacation,,,,,,,,,,,
makeOrderFromPackage,56,50607987,American Pirate,,,,,,,,,,,
makeOrderFromPackage,67,50460090,American Pirate,,,,,,,,,,,
makeOrderFromPackage,78,1514215,Simple Vacation,,,,,,,,,,,
makeOrderFromPackage,89,1513470,Simple Vacation,,,,,,,,,,,
makeOrderFromPackage,90,1513470,Wild Life,,,,,,,,,,,
makeOrderFromPackage,12,49745940,American Pirate,,,,,,,,,,,
makeOrderFromPackage,23,49775789,Honeymoon,,,,,,,,,,,
makeOrderFromPackage,34,50519633,Family Vacation,,,,,,,,,,,
makeOrderFromPackage,95,50608081,Business Package,,,,,,,,,,,
makeOrderFromPackage,35,49745940,Honeymoon,,,,,,,,,,,
,,,,,,,,,,,,,,
cancelOrder,33,,,,,,,,,,,,,
cancelOrder,95,,,,,,,,,,,,,
,,,,,,,,,,,,,,
getAllCustomersWhoOrdered_A_MotelWithWiFiService,,,,,,,,,,,,,,
getAllAccommodationOrderedByDestination,15|19|43|42|80|81,TRUE,,,,,,,,,,,,
getAllOrdersSortededByTotalCost,,,,,,,,,,,,,,
getCustomersFlight1XORFlight2,UBSI,MKL,,,,,,,,,,,,
getMostPopularDestinations,,,,,,,,,,,,,,
